"estimativa","ic.inf","ic.sup","data"
31.4334869825608,11.16890829135,-38.6642120499829,2020-05-16
